{"name":"Esmee TV","short_name":"Esmee TV","description":"Esmee TV · 影视聚合","start_url":"/","scope":"/","display":"standalone","background_color":"#000000","apple-mobile-web-app-capable":"yes","apple-mobile-web-app-status-bar-style":"black","icons":[{"src":"/icons/icon-192x192.png","sizes":"192x192","type":"image/png"},{"src":"/icons/icon-256x256.png","sizes":"256x256","type":"image/png"},{"src":"/icons/icon-384x384.png","sizes":"384x384","type":"image/png"},{"src":"/icons/icon-512x512.png","sizes":"512x512","type":"image/png"}]}